{
  "resourceType" : "ValueSet",
  "id" : "VSMeaslesVaccineProducts",
  "text" : {
    "status" : "generated",
    "div" : "<div xmlns=\"http://www.w3.org/1999/xhtml\"><ul><li>Include all codes defined in <a href=\"CodeSystem-VaccineProducts.html\"><code>http://moh.gov.ke/ig/smart-immunizations-measles/CodeSystem/VaccineProducts</code></a></li></ul></div>"
  },
  "url" : "http://moh.gov.ke/ig/smart-immunizations-measles/ValueSet/VSMeaslesVaccineProducts",
  "version" : "0.1.0",
  "name" : "VSMeaslesVaccineProducts",
  "title" : "MeaslesVaccine Products ValueSet",
  "status" : "draft",
  "date" : "2023-10-25T11:58:07+00:00",
  "publisher" : "KenyaSM",
  "contact" : [{
    "name" : "KenyaSM",
    "telecom" : [{
      "system" : "url",
      "value" : "http://health.go.ke"
    }]
  }],
  "description" : "Vaccine Product Codes - representing the codes of the products currently available.",
  "compose" : {
    "include" : [{
      "system" : "http://moh.gov.ke/ig/smart-immunizations-measles/CodeSystem/VaccineProducts"
    }]
  }
}