<?xml version="1.0" encoding="UTF-8"?>

<CodeSystem xmlns="http://hl7.org/fhir">
  <id value="IMMZ.D4"/>
  <text>
    <status value="generated"/><div xmlns="http://www.w3.org/1999/xhtml"><p>This case-insensitive code system <code>http://moh.gov.ke/ig/smart-immunizations-measles/CodeSystem/IMMZ.D4</code> defines the following codes:</p><table class="codes"><tr><td style="white-space:nowrap"><b>Code</b></td><td><b>Display</b></td><td><b>Definition</b></td></tr><tr><td style="white-space:nowrap">DE161<a name="IMMZ.D4-DE161"> </a></td><td>Potential contraindications</td><td>Specific situations or medical conditions in which it is advised or recommended to avoid or delay administering a particular vaccine</td></tr><tr><td style="white-space:nowrap">DE162<a name="IMMZ.D4-DE162"> </a></td><td>Currently pregnant</td><td>The client is currently pregnant</td></tr><tr><td style="white-space:nowrap">DE165<a name="IMMZ.D4-DE165"> </a></td><td>Severely immunosuppressed</td><td>The client is known to be severely immunocompromised or immunosuppressed</td></tr><tr><td style="white-space:nowrap">DE166<a name="IMMZ.D4-DE166"> </a></td><td>History of anaphylactic reactions</td><td>The client is known to have history of anaphylaxis in the past. Anaphylaxis is a severe and potentially life-threatening allergic reaction that can occur rapidly after exposure to an allergen or vaccine component.</td></tr><tr><td style="white-space:nowrap">DE167<a name="IMMZ.D4-DE167"> </a></td><td>Severe allergic reactions</td><td>The client is known to have severe allergic reaction to vaccine</td></tr><tr><td style="white-space:nowrap">DE168<a name="IMMZ.D4-DE168"> </a></td><td>Symptomatic HIV infection</td><td>The client is experiencing HIV-related symptoms</td></tr></table></div>
  </text>
  <url value="http://moh.gov.ke/ig/smart-immunizations-measles/CodeSystem/IMMZ.D4"/>
  <version value="0.1.0"/>
  <name value="IMMZ_D4"/>
  <title value="IMMZ.D4 CodeSystem for Check Contraindications Data Elements"/>
  <status value="draft"/>
  <experimental value="false"/>
  <date value="2023-10-25T11:58:07+00:00"/>
  <publisher value="KenyaSM"/>
  <contact>
    <name value="KenyaSM"/>
    <telecom>
      <system value="url"/>
      <value value="http://health.go.ke"/>
    </telecom>
  </contact>
  <description value="CodeSystem for IMMZ.D4 Check Contraindications Data Elements"/>
  <caseSensitive value="false"/>
  <content value="complete"/>
  <count value="6"/>
  <concept>
    <code value="DE161"/>
    <display value="Potential contraindications"/>
    <definition value="Specific situations or medical conditions in which it is advised or recommended to avoid or delay administering a particular vaccine"/>
  </concept>
  <concept>
    <code value="DE162"/>
    <display value="Currently pregnant"/>
    <definition value="The client is currently pregnant"/>
  </concept>
  <concept>
    <code value="DE165"/>
    <display value="Severely immunosuppressed"/>
    <definition value="The client is known to be severely immunocompromised or immunosuppressed"/>
  </concept>
  <concept>
    <code value="DE166"/>
    <display value="History of anaphylactic reactions"/>
    <definition value="The client is known to have history of anaphylaxis in the past. Anaphylaxis is a severe and potentially life-threatening allergic reaction that can occur rapidly after exposure to an allergen or vaccine component."/>
  </concept>
  <concept>
    <code value="DE167"/>
    <display value="Severe allergic reactions"/>
    <definition value="The client is known to have severe allergic reaction to vaccine"/>
  </concept>
  <concept>
    <code value="DE168"/>
    <display value="Symptomatic HIV infection"/>
    <definition value="The client is experiencing HIV-related symptoms"/>
  </concept>
</CodeSystem>