<?xml version="1.0" encoding="UTF-8"?><ActivityDefinition xmlns="http://hl7.org/fhir"><id value="IMMZD2DTMeaslesCIMR"/><meta><profile value="http://hl7.org/fhir/uv/cpg/StructureDefinition/cpg-immunizationactivity"/></meta><extension url="http://hl7.org/fhir/uv/cpg/StructureDefinition/cpg-knowledgeCapability"><valueCode value="computable"/></extension><url value="http://moh.gov.ke/ig/smart-immunizations-measles/ActivityDefinition/IMMZD2DTMeaslesCIMR"/><version value="0.1.0"/><name value="IMMZD2DTMeaslesContraindication"/><title value="IMMZ.D2.DT.Measles.Contraindication"/><status value="draft"/><experimental value="false"/><date value="2023-10-03"/><publisher value="KenyaSM"/><contact><name value="KenyaSM"/><telecom><system value="url"/><value value="http://health.go.ke"/></telecom></contact><description value="Provide measles immunization"/><library value="http://smart.who.int/ig/smart-immunizations-measles/Library/IMMZD2DTMeasles"/><kind value="MedicationRequest"/><profile value="http://hl7.org/fhir/uv/cpg/StructureDefinition/cpg-immunizationrequest"/><intent value="proposal"/><doNotPerform value="true"/><productCodeableConcept><coding><system value="http://id.who.int/icd11/mms"/><code value="XM28X5"/><display value="Measles vaccines"/></coding></productCodeableConcept><dynamicValue><path value="id"/><expression><description value="Draft Medication Request ID for MCV dose"/><language value="text/cql-identifier"/><expression value="Draft Medication Request ID for MCV dose"/></expression></dynamicValue></ActivityDefinition>